{
  "overall": {
    "mae": 2020.06396484375,
    "rmse": 3064.3550708101698,
    "mape": 6.47005248358403,
    "r2": 0.989712119102478
  },
  "per_region": {
    "BPAT": {
      "mae": 647.221435546875,
      "rmse": 783.3560413375261,
      "mape": 9.24106661983413,
      "r2": -0.765669584274292
    },
    "CISO": {
      "mae": 1481.1263427734375,
      "rmse": 1940.672821471976,
      "mape": 5.81086608826041,
      "r2": 0.7169921398162842
    },
    "ERCO": {
      "mae": 2649.50146484375,
      "rmse": 3468.083188160284,
      "mape": 4.329380898163541,
      "r2": 0.8597906827926636
    },
    "ISNE": {
      "mae": 1194.67626953125,
      "rmse": 1891.0981598002786,
      "mape": 10.623313240067786,
      "r2": 0.3626840114593506
    },
    "MISO": {
      "mae": 3154.1484375,
      "rmse": 4434.819500272813,
      "mape": 4.098713698833743,
      "r2": 0.8204138278961182
    },
    "NYIS": {
      "mae": 1113.9757080078125,
      "rmse": 1349.740901062126,
      "mape": 7.467123582528822,
      "r2": 0.7797229886054993
    },
    "PJM": {
      "mae": 3829.5634765625,
      "rmse": 4967.463537863162,
      "mape": 4.177739597955518,
      "r2": 0.883173406124115
    },
    "SWPP": {
      "mae": 2090.29833984375,
      "rmse": 2995.5538719909546,
      "mape": 6.012216143028289,
      "r2": 0.647739827632904
    }
  }
}